Accuracy, Precision, Recall, Confusion Matrix
1.0,1.0,1.0,[[15  0]  [ 0 25]],
1.0,1.0,1.0,[[18  0]  [ 0 22]],
0.95,1.0,0.9047619047619048,[[19  0]  [ 2 19]],
1.0,1.0,1.0,[[22  0]  [ 0 18]],
1.0,1.0,1.0,[[18  0]  [ 0 22]],
0.975,0.9583333333333334,1.0,[[16  1]  [ 0 23]],
0.525,0.5,0.5263157894736842,[[11 10]  [ 9 10]],
