Accuracy, Precision, Recall, Confusion Matrix
1.0,1.0,1.0,[[15  0]  [ 0 25]],
1.0,1.0,1.0,[[18  0]  [ 0 22]],
0.975,1.0,0.9523809523809523,[[19  0]  [ 1 20]],
0.875,0.782608695652174,1.0,[[17  5]  [ 0 18]],
1.0,1.0,1.0,[[18  0]  [ 0 22]],
0.975,0.9583333333333334,1.0,[[16  1]  [ 0 23]],
0.5,0.47368421052631576,0.47368421052631576,[[11 10]  [10  9]],
